Date,Open,High,Low,Close,Volume,Trading Value
2020-09-18 22:30:00+09:00,19.950000762939453,20.41900062561035,16.700000762939453,17.110000610351562,3213000.0,17.110000610351562
2020-09-21 22:30:00+09:00,16.360000610351562,18.3799991607666,16.15999984741211,16.809999465942383,348400.0,16.809999465942383
2020-09-22 22:30:00+09:00,17.15999984741211,17.15999984741211,16.25,16.649999618530273,126100.0,16.649999618530273
2020-09-23 22:30:00+09:00,17.0,17.0,16.0,16.299999237060547,256500.0,16.299999237060547
2020-09-24 22:30:00+09:00,16.489999771118164,16.489999771118164,15.789999961853027,16.020000457763672,207900.0,16.020000457763672
2020-09-25 22:30:00+09:00,16.010000228881836,16.420000076293945,16.0,16.25,269000.0,16.25
2020-09-28 22:30:00+09:00,16.420000076293945,16.639999389648438,16.299999237060547,16.6200008392334,115000.0,16.6200008392334
2020-09-29 22:30:00+09:00,16.34000015258789,16.540000915527344,15.989999771118164,16.110000610351562,190400.0,16.110000610351562
2020-09-30 22:30:00+09:00,16.219999313354492,19.799999237060547,16.110000610351562,18.459999084472656,226900.0,18.459999084472656
2020-10-01 22:30:00+09:00,18.25,18.450000762939453,16.704999923706055,16.969999313354492,223200.0,16.969999313354492
2020-10-02 22:30:00+09:00,16.729999542236328,17.0,16.270000457763672,16.479999542236328,269100.0,16.479999542236328
2020-10-05 22:30:00+09:00,16.489999771118164,17.18000030517578,16.075000762939453,16.93000030517578,136400.0,16.93000030517578
2020-10-06 22:30:00+09:00,17.149999618530273,17.149999618530273,16.375,16.950000762939453,71200.0,16.950000762939453
2020-10-07 22:30:00+09:00,16.989999771118164,17.55500030517578,16.799999237060547,17.0,41600.0,17.0
2020-10-08 22:30:00+09:00,17.170000076293945,17.75,16.610000610351562,17.0,113500.0,17.0
2020-10-09 22:30:00+09:00,17.0,17.209999084472656,16.65999984741211,16.809999465942383,81000.0,16.809999465942383
2020-10-12 22:30:00+09:00,16.899999618530273,17.739999771118164,16.899999618530273,17.09000015258789,229800.0,17.09000015258789
2020-10-13 22:30:00+09:00,18.0,19.25,16.899999618530273,18.440000534057617,1137100.0,18.440000534057617
2020-10-14 22:30:00+09:00,18.5,18.969999313354492,17.674999237060547,17.93000030517578,187500.0,17.93000030517578
2020-10-15 22:30:00+09:00,17.899999618530273,19.260000228881836,17.530000686645508,18.219999313354492,176100.0,18.219999313354492
2020-10-16 22:30:00+09:00,18.559999465942383,18.989999771118164,18.0049991607666,18.309999465942383,158100.0,18.309999465942383
2020-10-19 22:30:00+09:00,19.5,21.540000915527344,19.25,20.860000610351562,1457000.0,20.860000610351562
2020-10-20 22:30:00+09:00,21.209999084472656,21.799999237060547,20.049999237060547,21.079999923706055,353200.0,21.079999923706055
2020-10-21 22:30:00+09:00,21.06999969482422,22.139999389648438,20.510000228881836,20.979999542236328,281000.0,20.979999542236328
2020-10-22 22:30:00+09:00,20.889999389648438,21.100000381469727,19.100000381469727,20.100000381469727,226700.0,20.100000381469727
2020-10-23 22:30:00+09:00,20.0,20.040000915527344,19.280000686645508,19.34000015258789,73200.0,19.34000015258789
2020-10-26 22:30:00+09:00,19.040000915527344,19.042999267578125,18.170000076293945,18.530000686645508,247100.0,18.530000686645508
2020-10-27 22:30:00+09:00,18.5,19.06999969482422,17.719999313354492,18.760000228881836,259100.0,18.760000228881836
2020-10-28 22:30:00+09:00,18.3700008392334,18.850000381469727,17.270000457763672,17.940000534057617,168900.0,17.940000534057617
2020-10-29 22:30:00+09:00,17.93000030517578,19.5,17.03499984741211,18.8799991607666,503200.0,18.8799991607666
2020-10-30 22:30:00+09:00,18.889999389648438,19.459999084472656,18.059999465942383,18.059999465942383,151800.0,18.059999465942383
2020-11-02 23:30:00+09:00,18.18000030517578,18.75,17.799999237060547,18.200000762939453,103200.0,18.200000762939453
2020-11-03 23:30:00+09:00,18.610000610351562,20.200000762939453,18.299999237060547,19.889999389648438,275500.0,19.889999389648438
2020-11-04 23:30:00+09:00,19.989999771118164,29.709999084472656,19.989999771118164,24.690000534057617,1678600.0,24.690000534057617
2020-11-05 23:30:00+09:00,25.1200008392334,25.399999618530273,21.649999618530273,22.729999542236328,490000.0,22.729999542236328
2020-11-06 23:30:00+09:00,22.899999618530273,23.33799934387207,22.020000457763672,22.219999313354492,423200.0,22.219999313354492
2020-11-09 23:30:00+09:00,23.110000610351562,23.799999237060547,20.375,22.25,414000.0,22.25
2020-11-10 23:30:00+09:00,22.200000762939453,22.75,21.799999237060547,22.25,117400.0,22.25
2020-11-11 23:30:00+09:00,22.6200008392334,23.09000015258789,20.520000457763672,22.329999923706055,325200.0,22.329999923706055
2020-11-12 23:30:00+09:00,22.079999923706055,24.655000686645508,21.729999542236328,23.459999084472656,290900.0,23.459999084472656
2020-11-13 23:30:00+09:00,23.239999771118164,27.489999771118164,23.239999771118164,26.5,265000.0,26.5
2020-11-16 23:30:00+09:00,26.75,26.75,24.540000915527344,24.600000381469727,219800.0,24.600000381469727
2020-11-17 23:30:00+09:00,24.799999237060547,26.5049991607666,24.5,25.950000762939453,214700.0,25.950000762939453
2020-11-18 23:30:00+09:00,26.0,26.219999313354492,24.25,24.510000228881836,192100.0,24.510000228881836
2020-11-19 23:30:00+09:00,24.600000381469727,24.860000610351562,23.280000686645508,23.510000228881836,108800.0,23.510000228881836
2020-11-20 23:30:00+09:00,23.469999313354492,24.110000610351562,22.43000030517578,23.420000076293945,122500.0,23.420000076293945
2020-11-23 23:30:00+09:00,23.5,23.81999969482422,22.530000686645508,23.270000457763672,124000.0,23.270000457763672
2020-11-24 23:30:00+09:00,23.5,23.700000762939453,22.899999618530273,23.299999237060547,98900.0,23.299999237060547
2020-11-25 23:30:00+09:00,23.459999084472656,23.459999084472656,22.790000915527344,22.899999618530273,52300.0,22.899999618530273
2020-11-27 23:30:00+09:00,23.25,25.31999969482422,23.25,24.010000228881836,98800.0,24.010000228881836
2020-11-30 23:30:00+09:00,24.84000015258789,24.979999542236328,22.489999771118164,24.899999618530273,211500.0,24.899999618530273
2020-12-01 23:30:00+09:00,25.079999923706055,25.309999465942383,23.329999923706055,23.790000915527344,144600.0,23.790000915527344
2020-12-02 23:30:00+09:00,23.719999313354492,24.399999618530273,22.850000381469727,23.8700008392334,115800.0,23.8700008392334
2020-12-03 23:30:00+09:00,23.729999542236328,25.459999084472656,23.170000076293945,24.3799991607666,180100.0,24.3799991607666
2020-12-04 23:30:00+09:00,24.350000381469727,25.875,24.010000228881836,25.360000610351562,148400.0,25.360000610351562
2020-12-07 23:30:00+09:00,25.520000457763672,26.520000457763672,25.520000457763672,26.0,195900.0,26.0
2020-12-08 23:30:00+09:00,26.5,26.75,26.1200008392334,26.299999237060547,190100.0,26.299999237060547
2020-12-09 23:30:00+09:00,26.8799991607666,27.0,25.0,26.09000015258789,115000.0,26.09000015258789
2020-12-10 23:30:00+09:00,25.920000076293945,28.440000534057617,25.174999237060547,28.43000030517578,219600.0,28.43000030517578
2020-12-11 23:30:00+09:00,28.510000228881836,30.739999771118164,26.889999389648438,29.40999984741211,306400.0,29.40999984741211
2020-12-14 23:30:00+09:00,29.850000381469727,31.84000015258789,29.107999801635742,30.1200008392334,219700.0,30.1200008392334
2020-12-15 23:30:00+09:00,30.40999984741211,30.489999771118164,27.350000381469727,28.1200008392334,330800.0,28.1200008392334
2020-12-16 23:30:00+09:00,27.440000534057617,29.5,27.15999984741211,28.649999618530273,269300.0,28.649999618530273
2020-12-17 23:30:00+09:00,28.93000030517578,30.739999771118164,28.299999237060547,30.299999237060547,311700.0,30.299999237060547
2020-12-18 23:30:00+09:00,30.81999969482422,32.900001525878906,29.75,30.940000534057617,2194900.0,30.940000534057617
2020-12-21 23:30:00+09:00,30.8700008392334,32.20000076293945,29.68000030517578,31.209999084472656,387700.0,31.209999084472656
2020-12-22 23:30:00+09:00,31.290000915527344,34.20500183105469,31.270000457763672,33.810001373291016,294000.0,33.810001373291016
2020-12-23 23:30:00+09:00,33.689998626708984,34.650001525878906,32.25,34.29999923706055,312600.0,34.29999923706055
2020-12-24 23:30:00+09:00,33.869998931884766,34.38399887084961,31.209999084472656,31.530000686645508,127400.0,31.530000686645508
2020-12-28 23:30:00+09:00,31.809999465942383,32.95199966430664,31.030000686645508,31.940000534057617,145400.0,31.940000534057617
2020-12-29 23:30:00+09:00,32.22999954223633,32.68000030517578,30.219999313354492,30.90999984741211,214800.0,30.90999984741211
2020-12-30 23:30:00+09:00,30.56999969482422,32.650001525878906,30.0,32.650001525878906,158400.0,32.650001525878906
2020-12-31 23:30:00+09:00,32.279998779296875,34.790000915527344,32.279998779296875,34.25,129900.0,34.25
2021-01-04 23:30:00+09:00,34.25,34.25,29.530000686645508,29.770000457763672,255000.0,29.770000457763672
2021-01-05 23:30:00+09:00,29.850000381469727,30.489999771118164,27.049999237060547,27.940000534057617,294500.0,27.940000534057617
2021-01-06 23:30:00+09:00,27.940000534057617,28.649999618530273,27.200000762939453,27.450000762939453,131400.0,27.450000762939453
2021-01-07 23:30:00+09:00,27.639999389648438,28.15399932861328,27.09000015258789,27.790000915527344,181200.0,27.790000915527344
2021-01-08 23:30:00+09:00,27.799999237060547,28.149999618530273,26.690000534057617,27.06999969482422,150700.0,27.06999969482422
2021-01-11 23:30:00+09:00,27.479999542236328,27.829999923706055,26.270000457763672,26.81999969482422,230700.0,26.81999969482422
2021-01-12 23:30:00+09:00,26.899999618530273,27.950000762939453,25.829999923706055,27.809999465942383,194700.0,27.809999465942383
2021-01-13 23:30:00+09:00,27.850000381469727,28.170000076293945,27.200000762939453,27.989999771118164,122000.0,27.989999771118164
2021-01-14 23:30:00+09:00,28.0,28.5,26.459999084472656,26.790000915527344,126700.0,26.790000915527344
2021-01-15 23:30:00+09:00,26.780000686645508,27.25,24.763999938964844,26.549999237060547,257500.0,26.549999237060547
2021-01-19 23:30:00+09:00,26.0,26.329999923706055,25.0,25.889999389648438,168800.0,25.889999389648438
2021-01-20 23:30:00+09:00,26.170000076293945,26.170000076293945,24.270000457763672,24.31999969482422,126100.0,24.31999969482422
2021-01-21 23:30:00+09:00,22.829999923706055,23.200000762939453,20.0,20.270000457763672,3037700.0,20.270000457763672
2021-01-22 23:30:00+09:00,20.15999984741211,21.450000762939453,19.989999771118164,20.059999465942383,1102900.0,20.059999465942383
2021-01-25 23:30:00+09:00,20.239999771118164,22.139999389648438,20.059999465942383,22.040000915527344,834200.0,22.040000915527344
2021-01-26 23:30:00+09:00,21.90999984741211,22.729999542236328,20.40999984741211,20.670000076293945,501300.0,20.670000076293945
2021-01-27 23:30:00+09:00,20.809999465942383,20.809999465942383,18.802000045776367,20.06999969482422,639500.0,20.06999969482422
2021-01-28 23:30:00+09:00,21.579999923706055,22.649999618530273,20.81999969482422,21.209999084472656,705700.0,21.209999084472656
2021-01-29 23:30:00+09:00,21.149999618530273,21.56999969482422,20.200000762939453,21.31999969482422,436100.0,21.31999969482422
2021-02-01 23:30:00+09:00,21.889999389648438,22.200000762939453,20.899999618530273,21.6200008392334,302700.0,21.6200008392334
2021-02-02 23:30:00+09:00,21.940000534057617,22.389999389648438,20.510000228881836,21.719999313354492,319300.0,21.719999313354492
2021-02-03 23:30:00+09:00,21.549999237060547,21.979999542236328,20.780000686645508,21.540000915527344,260300.0,21.540000915527344
2021-02-04 23:30:00+09:00,23.610000610351562,24.18000030517578,21.915000915527344,22.190000534057617,1031900.0,22.190000534057617
2021-02-05 23:30:00+09:00,22.469999313354492,23.139999389648438,21.510000228881836,22.959999084472656,580100.0,22.959999084472656
2021-02-08 23:30:00+09:00,23.360000610351562,25.56999969482422,23.170000076293945,25.0,690400.0,25.0
2021-02-09 23:30:00+09:00,25.790000915527344,25.79599952697754,23.649999618530273,24.780000686645508,454300.0,24.780000686645508
2021-02-10 23:30:00+09:00,25.18000030517578,25.5,22.700000762939453,22.989999771118164,381400.0,22.989999771118164
2021-02-11 23:30:00+09:00,24.110000610351562,24.270000457763672,21.950000762939453,22.420000076293945,386800.0,22.420000076293945
2021-02-12 23:30:00+09:00,22.3799991607666,22.4060001373291,21.149999618530273,21.700000762939453,390600.0,21.700000762939453
2021-02-16 23:30:00+09:00,21.940000534057617,22.079999923706055,20.219999313354492,20.729999542236328,491500.0,20.729999542236328
2021-02-17 23:30:00+09:00,20.700000762939453,21.260000228881836,20.010000228881836,21.200000762939453,376400.0,21.200000762939453
2021-02-18 23:30:00+09:00,21.1299991607666,22.079999923706055,20.325000762939453,21.149999618530273,269600.0,21.149999618530273
2021-02-19 23:30:00+09:00,21.200000762939453,22.40999984741211,20.915000915527344,21.520000457763672,252400.0,21.520000457763672
2021-02-22 23:30:00+09:00,21.3799991607666,24.670000076293945,21.110000610351562,23.690000534057617,716400.0,23.690000534057617
2021-02-23 23:30:00+09:00,22.5,23.209999084472656,21.600000381469727,22.260000228881836,387300.0,22.260000228881836
2021-02-24 23:30:00+09:00,22.8700008392334,23.139999389648438,21.510000228881836,22.31999969482422,588700.0,22.31999969482422
2021-02-25 23:30:00+09:00,22.219999313354492,22.290000915527344,20.780000686645508,20.889999389648438,421800.0,20.889999389648438
2021-02-26 23:30:00+09:00,20.969999313354492,22.170000076293945,19.360000610351562,22.059999465942383,537600.0,22.059999465942383
2021-03-01 23:30:00+09:00,22.059999465942383,22.5,21.049999237060547,21.399999618530273,362000.0,21.399999618530273
2021-03-02 23:30:00+09:00,21.399999618530273,21.399999618530273,20.09000015258789,20.850000381469727,328400.0,20.850000381469727
2021-03-03 23:30:00+09:00,21.405000686645508,21.405000686645508,20.200000762939453,20.600000381469727,535300.0,20.600000381469727
2021-03-04 23:30:00+09:00,20.639999389648438,20.790000915527344,18.860000610351562,19.290000915527344,739200.0,19.290000915527344
2021-03-05 23:30:00+09:00,19.940000534057617,20.229999542236328,17.079999923706055,19.18000030517578,538500.0,19.18000030517578
2021-03-08 23:30:00+09:00,19.200000762939453,19.829999923706055,18.639999389648438,19.139999389648438,217200.0,19.139999389648438
2021-03-09 23:30:00+09:00,19.6299991607666,20.40999984741211,19.34000015258789,20.219999313354492,231500.0,20.219999313354492
2021-03-10 23:30:00+09:00,20.3700008392334,21.65999984741211,20.209999084472656,20.3700008392334,259300.0,20.3700008392334
2021-03-11 23:30:00+09:00,20.559999465942383,22.139999389648438,20.454999923706055,21.860000610351562,221400.0,21.860000610351562
2021-03-12 23:30:00+09:00,21.5,21.950000762939453,20.739999771118164,21.559999465942383,271900.0,21.559999465942383
2021-03-15 22:30:00+09:00,21.155000686645508,21.739999771118164,20.709999084472656,20.93000030517578,145500.0,20.93000030517578
2021-03-16 22:30:00+09:00,20.959999084472656,21.739999771118164,20.59000015258789,20.84000015258789,176300.0,20.84000015258789
2021-03-17 22:30:00+09:00,20.639999389648438,21.19499969482422,20.399999618530273,20.65999984741211,302700.0,20.65999984741211
2021-03-18 22:30:00+09:00,20.3799991607666,20.915000915527344,19.5,20.100000381469727,247800.0,20.100000381469727
2021-03-19 22:30:00+09:00,19.889999389648438,20.670000076293945,19.15999984741211,19.170000076293945,660000.0,19.170000076293945
2021-03-22 22:30:00+09:00,19.649999618530273,19.8799991607666,18.799999237060547,19.010000228881836,219700.0,19.010000228881836
2021-03-23 22:30:00+09:00,19.225000381469727,19.579999923706055,18.43000030517578,18.520000457763672,263500.0,18.520000457763672
2021-03-24 22:30:00+09:00,18.68000030517578,19.0,17.3799991607666,17.760000228881836,284300.0,17.760000228881836
2021-03-25 22:30:00+09:00,17.579999923706055,18.079999923706055,16.950000762939453,17.959999084472656,261400.0,17.959999084472656
2021-03-26 22:30:00+09:00,18.149999618530273,19.0,17.405000686645508,18.09000015258789,272100.0,18.09000015258789
2021-03-29 22:30:00+09:00,18.100000381469727,18.40999984741211,16.874000549316406,17.3700008392334,251500.0,17.3700008392334
2021-03-30 22:30:00+09:00,17.299999237060547,17.399999618530273,16.329999923706055,16.899999618530273,305800.0,16.899999618530273
2021-03-31 22:30:00+09:00,17.170000076293945,18.540000915527344,16.809999465942383,18.399999618530273,407500.0,18.399999618530273
2021-04-01 22:30:00+09:00,18.3799991607666,19.0,17.969999313354492,18.389999389648438,318400.0,18.389999389648438
2021-04-05 22:30:00+09:00,18.5,19.489999771118164,18.5,18.899999618530273,244600.0,18.899999618530273
2021-04-06 22:30:00+09:00,18.8700008392334,19.0,18.594999313354492,18.799999237060547,180100.0,18.799999237060547
2021-04-07 22:30:00+09:00,18.81999969482422,19.1200008392334,18.559999465942383,18.780000686645508,149400.0,18.780000686645508
2021-04-08 22:30:00+09:00,18.959999084472656,19.0310001373291,18.579999923706055,18.649999618530273,133100.0,18.649999618530273
2021-04-09 22:30:00+09:00,18.600000381469727,19.31999969482422,18.440000534057617,19.079999923706055,183500.0,19.079999923706055
2021-04-12 22:30:00+09:00,18.950000762939453,18.950000762939453,16.780000686645508,16.799999237060547,321100.0,16.799999237060547
2021-04-13 22:30:00+09:00,16.829999923706055,17.65999984741211,16.799999237060547,16.899999618530273,164100.0,16.899999618530273
2021-04-14 22:30:00+09:00,17.030000686645508,18.049999237060547,16.951000213623047,17.489999771118164,197700.0,17.489999771118164
2021-04-15 22:30:00+09:00,17.690000534057617,17.889999389648438,16.170000076293945,16.450000762939453,507800.0,16.450000762939453
2021-04-16 22:30:00+09:00,16.40999984741211,16.829999923706055,16.020000457763672,16.59000015258789,211800.0,16.59000015258789
2021-04-19 22:30:00+09:00,16.200000762939453,16.8799991607666,16.200000762939453,16.649999618530273,188300.0,16.649999618530273
2021-04-20 22:30:00+09:00,16.5,17.68000030517578,16.360000610351562,17.420000076293945,332600.0,17.420000076293945
2021-04-21 22:30:00+09:00,17.459999084472656,18.204999923706055,17.299999237060547,18.059999465942383,120100.0,18.059999465942383
2021-04-22 22:30:00+09:00,17.950000762939453,19.0,17.700000762939453,18.25,285600.0,18.25
2021-04-23 22:30:00+09:00,18.3700008392334,18.540000915527344,17.799999237060547,17.979999542236328,124500.0,17.979999542236328
2021-04-26 22:30:00+09:00,18.110000610351562,18.64900016784668,17.899999618530273,18.5,131200.0,18.5
2021-04-27 22:30:00+09:00,18.700000762939453,18.969999313354492,18.0,18.479999542236328,196300.0,18.479999542236328
2021-04-28 22:30:00+09:00,18.5,19.058000564575195,18.100000381469727,18.84000015258789,127000.0,18.84000015258789
2021-04-29 22:30:00+09:00,18.84000015258789,19.290000915527344,18.010000228881836,19.219999313354492,171700.0,19.219999313354492
2021-04-30 22:30:00+09:00,19.06999969482422,19.959999084472656,18.950000762939453,19.68000030517578,158000.0,19.68000030517578
2021-05-03 22:30:00+09:00,19.469999313354492,21.0,19.450000762939453,20.549999237060547,298200.0,20.549999237060547
2021-05-04 22:30:00+09:00,20.280000686645508,20.28700065612793,18.469999313354492,18.639999389648438,291400.0,18.639999389648438
2021-05-05 22:30:00+09:00,18.6299991607666,18.902999877929688,17.68000030517578,17.739999771118164,158300.0,17.739999771118164
2021-05-06 22:30:00+09:00,17.6299991607666,18.079999923706055,17.030000686645508,18.049999237060547,140500.0,18.049999237060547
2021-05-07 22:30:00+09:00,18.190000534057617,18.979999542236328,17.75,18.479999542236328,110000.0,18.479999542236328
2021-05-10 22:30:00+09:00,18.56999969482422,19.1200008392334,18.100000381469727,18.56999969482422,90300.0,18.56999969482422
2021-05-11 22:30:00+09:00,18.270000457763672,18.447999954223633,17.6200008392334,17.670000076293945,164600.0,17.670000076293945
2021-05-12 22:30:00+09:00,17.530000686645508,18.2450008392334,17.530000686645508,18.0,155500.0,18.0
2021-05-13 22:30:00+09:00,18.170000076293945,18.440000534057617,17.65999984741211,18.079999923706055,116700.0,18.079999923706055
2021-05-14 22:30:00+09:00,18.219999313354492,19.0,17.770000457763672,18.09000015258789,229600.0,18.09000015258789
2021-05-17 22:30:00+09:00,18.09000015258789,19.350000381469727,17.860000610351562,19.350000381469727,248200.0,19.350000381469727
2021-05-18 22:30:00+09:00,19.530000686645508,19.774999618530273,18.6299991607666,18.829999923706055,252600.0,18.829999923706055
2021-05-19 22:30:00+09:00,18.610000610351562,19.469999313354492,18.040000915527344,18.15999984741211,283100.0,18.15999984741211
2021-05-20 22:30:00+09:00,18.31999969482422,18.738000869750977,17.639999389648438,18.549999237060547,247600.0,18.549999237060547
2021-05-21 22:30:00+09:00,18.65999984741211,19.559999465942383,18.65999984741211,19.350000381469727,412900.0,19.350000381469727
2021-05-24 22:30:00+09:00,19.299999237060547,19.520000457763672,18.59000015258789,18.6200008392334,204200.0,18.6200008392334
2021-05-25 22:30:00+09:00,18.65999984741211,18.9950008392334,17.864999771118164,18.0,421700.0,18.0
2021-05-26 22:30:00+09:00,18.149999618530273,18.700000762939453,17.940000534057617,18.239999771118164,390800.0,18.239999771118164
2021-05-27 22:30:00+09:00,18.360000610351562,19.75,18.360000610351562,19.290000915527344,417400.0,19.290000915527344
2021-05-28 22:30:00+09:00,19.440000534057617,20.17300033569336,19.440000534057617,19.940000534057617,554200.0,19.940000534057617
2021-06-01 22:30:00+09:00,19.950000762939453,20.040000915527344,18.549999237060547,18.860000610351562,203700.0,18.860000610351562
2021-06-02 22:30:00+09:00,18.889999389648438,19.549999237060547,18.459999084472656,18.5,598400.0,18.5
2021-06-03 22:30:00+09:00,18.5,18.899999618530273,17.760000228881836,18.729999542236328,245300.0,18.729999542236328
2021-06-04 22:30:00+09:00,18.8799991607666,20.049999237060547,18.8700008392334,20.0,532500.0,20.0
2021-06-07 22:30:00+09:00,20.1299991607666,23.639999389648438,19.549999237060547,20.8700008392334,2946400.0,20.8700008392334
2021-06-08 22:30:00+09:00,20.860000610351562,21.979999542236328,19.934999465942383,20.40999984741211,815000.0,20.40999984741211
2021-06-09 22:30:00+09:00,20.639999389648438,20.860000610351562,19.75,20.0,259700.0,20.0
2021-06-10 22:30:00+09:00,20.239999771118164,20.5,19.729999542236328,19.860000610351562,312000.0,19.860000610351562
2021-06-11 22:30:00+09:00,20.0,20.190000534057617,19.405000686645508,19.700000762939453,224400.0,19.700000762939453
2021-06-14 22:30:00+09:00,19.799999237060547,20.110000610351562,19.270000457763672,19.399999618530273,181300.0,19.399999618530273
2021-06-15 22:30:00+09:00,19.489999771118164,19.639999389648438,18.549999237060547,18.729999542236328,225800.0,18.729999542236328
2021-06-16 22:30:00+09:00,18.979999542236328,19.459999084472656,18.459999084472656,18.549999237060547,395000.0,18.549999237060547
2021-06-17 22:30:00+09:00,18.56999969482422,19.010000228881836,17.93000030517578,18.239999771118164,1618400.0,18.239999771118164
2021-06-18 22:30:00+09:00,10.470000267028809,11.739999771118164,9.699999809265137,11.149999618530273,30119400.0,11.149999618530273
2021-06-21 22:30:00+09:00,11.260000228881836,11.6899995803833,10.529999732971191,10.75,7458700.0,10.75
2021-06-22 22:30:00+09:00,10.970000267028809,11.0600004196167,10.25,10.34000015258789,2745300.0,10.34000015258789
2021-06-23 22:30:00+09:00,10.449999809265137,10.84000015258789,10.210000038146973,10.609999656677246,2023900.0,10.609999656677246
2021-06-24 22:30:00+09:00,10.765000343322754,11.350000381469727,10.710000038146973,10.989999771118164,2210600.0,10.989999771118164
2021-06-25 22:30:00+09:00,11.210000038146973,11.210000038146973,10.678000450134277,10.84000015258789,4022900.0,10.84000015258789
2021-06-28 22:30:00+09:00,10.819999694824219,11.100000381469727,10.59000015258789,10.649999618530273,1011000.0,10.649999618530273
2021-06-29 22:30:00+09:00,10.699999809265137,10.760000228881836,10.270000457763672,10.399999618530273,1018700.0,10.399999618530273
2021-06-30 22:30:00+09:00,10.300000190734863,10.520000457763672,10.029999732971191,10.239999771118164,788300.0,10.239999771118164
2021-07-01 22:30:00+09:00,10.380000114440918,10.649999618530273,10.170000076293945,10.59000015258789,536200.0,10.59000015258789
2021-07-02 22:30:00+09:00,10.600000381469727,10.649999618530273,10.220000267028809,10.539999961853027,452500.0,10.539999961853027
2021-07-06 22:30:00+09:00,10.5600004196167,11.149999618530273,10.4399995803833,11.0,1029900.0,11.0
2021-07-07 22:30:00+09:00,11.0,11.069999694824219,10.25,10.630000114440918,632500.0,10.630000114440918
2021-07-08 22:30:00+09:00,10.300000190734863,10.670000076293945,9.829999923706055,10.569999694824219,507600.0,10.569999694824219
2021-07-09 22:30:00+09:00,10.720000267028809,11.050000190734863,10.569999694824219,10.890000343322754,617000.0,10.890000343322754
2021-07-12 22:30:00+09:00,10.880000114440918,11.010000228881836,10.430000305175781,10.5,479200.0,10.5
2021-07-13 22:30:00+09:00,10.649999618530273,11.300000190734863,10.460000038146973,10.6899995803833,853900.0,10.6899995803833
2021-07-14 22:30:00+09:00,10.8100004196167,10.84000015258789,9.949999809265137,10.010000228881836,1277200.0,10.010000228881836
2021-07-15 22:30:00+09:00,10.050000190734863,10.1850004196167,9.729999542236328,9.920000076293945,1277500.0,9.920000076293945
2021-07-16 22:30:00+09:00,9.949999809265137,10.019000053405762,9.25,9.520000457763672,1386900.0,9.520000457763672
2021-07-19 22:30:00+09:00,9.260000228881836,10.119999885559082,9.220000267028809,9.960000038146973,1002600.0,9.960000038146973
2021-07-20 22:30:00+09:00,10.013999938964844,10.479999542236328,9.760000228881836,10.420000076293945,577300.0,10.420000076293945
2021-07-21 22:30:00+09:00,10.449999809265137,10.800000190734863,10.25,10.789999961853027,901800.0,10.789999961853027
2021-07-22 22:30:00+09:00,10.699999809265137,11.0,10.390000343322754,10.539999961853027,656700.0,10.539999961853027
2021-07-23 22:30:00+09:00,10.510000228881836,10.585000038146973,9.789999961853027,10.1899995803833,432900.0,10.1899995803833
2021-07-26 22:30:00+09:00,10.239999771118164,10.539999961853027,9.869999885559082,10.039999961853027,280000.0,10.039999961853027
2021-07-27 22:30:00+09:00,10.010000228881836,10.138999938964844,9.520000457763672,9.800000190734863,365500.0,9.800000190734863
2021-07-28 22:30:00+09:00,9.972000122070312,10.34000015258789,9.800999641418457,10.300000190734863,286400.0,10.300000190734863
2021-07-29 22:30:00+09:00,10.390000343322754,10.40999984741211,9.680000305175781,9.770000457763672,565900.0,9.770000457763672
2021-07-30 22:30:00+09:00,9.850000381469727,10.020000457763672,9.449999809265137,9.609999656677246,383500.0,9.609999656677246
2021-08-02 22:30:00+09:00,9.619999885559082,9.989999771118164,9.449999809265137,9.90999984741211,374200.0,9.90999984741211
2021-08-03 22:30:00+09:00,9.899999618530273,10.0600004196167,9.6899995803833,10.0600004196167,302200.0,10.0600004196167
2021-08-04 22:30:00+09:00,9.9399995803833,10.220000267028809,9.9399995803833,10.149999618530273,178100.0,10.149999618530273
2021-08-05 22:30:00+09:00,10.279999732971191,10.579999923706055,10.100000381469727,10.40999984741211,691600.0,10.40999984741211
2021-08-06 22:30:00+09:00,10.449999809265137,10.449999809265137,9.850000381469727,9.970000267028809,377900.0,9.970000267028809
2021-08-09 22:30:00+09:00,9.979999542236328,10.239999771118164,9.84000015258789,10.170000076293945,239200.0,10.170000076293945
2021-08-10 22:30:00+09:00,10.149999618530273,10.1899995803833,9.5600004196167,10.130000114440918,561200.0,10.130000114440918
2021-08-11 22:30:00+09:00,10.1899995803833,10.246999740600586,9.812999725341797,9.890000343322754,295300.0,9.890000343322754
2021-08-12 22:30:00+09:00,9.869999885559082,10.199999809265137,9.779999732971191,10.010000228881836,278400.0,10.010000228881836
2021-08-13 22:30:00+09:00,9.949999809265137,9.949999809265137,9.720000267028809,9.829999923706055,209300.0,9.829999923706055
2021-08-16 22:30:00+09:00,9.8100004196167,9.8100004196167,9.199999809265137,9.220000267028809,355800.0,9.220000267028809
2021-08-17 22:30:00+09:00,9.109999656677246,9.729999542236328,8.880000114440918,9.149999618530273,780900.0,9.149999618530273
2021-08-18 22:30:00+09:00,9.020000457763672,9.920000076293945,8.920000076293945,9.579999923706055,545400.0,9.579999923706055
2021-08-19 22:30:00+09:00,9.449999809265137,9.9399995803833,9.420000076293945,9.5,386800.0,9.5
2021-08-21 05:00:02+09:00,9.5,9.819999694824219,9.475000381469727,9.619999885559082,150419.0,9.619999885559082
