Date,Open,High,Low,Close,Volume,Trading Value
2020-07-06 22:30:00+09:00,33.220001220703125,33.779998779296875,32.459999084472656,32.900001525878906,1263600.0,32.900001525878906
2020-07-07 22:30:00+09:00,32.380001068115234,32.88999938964844,31.420000076293945,31.540000915527344,1758400.0,31.540000915527344
2020-07-08 22:30:00+09:00,31.3799991607666,32.02000045776367,30.940000534057617,31.68000030517578,2125100.0,31.68000030517578
2020-07-09 22:30:00+09:00,31.290000915527344,31.600000381469727,30.1200008392334,30.440000534057617,1783900.0,30.440000534057617
2020-07-10 22:30:00+09:00,30.3700008392334,32.22999954223633,30.329999923706055,32.209999084472656,1652800.0,32.209999084472656
2020-07-13 22:30:00+09:00,32.7599983215332,33.2599983215332,31.75,32.880001068115234,2348200.0,32.880001068115234
2020-07-14 22:30:00+09:00,32.86000061035156,32.93000030517578,31.670000076293945,32.02000045776367,1944700.0,32.02000045776367
2020-07-15 22:30:00+09:00,32.72999954223633,33.70000076293945,32.459999084472656,33.529998779296875,1611800.0,33.529998779296875
2020-07-16 22:30:00+09:00,33.13999938964844,34.13999938964844,32.90999984741211,33.38999938964844,1162400.0,33.38999938964844
2020-07-17 22:30:00+09:00,33.2400016784668,33.650001525878906,32.459999084472656,32.560001373291016,2325300.0,32.560001373291016
2020-07-20 22:30:00+09:00,32.34000015258789,32.529998779296875,31.6299991607666,32.02000045776367,2314700.0,32.02000045776367
2020-07-21 22:30:00+09:00,31.899999618530273,33.880001068115234,31.709999084472656,33.7400016784668,3300900.0,33.7400016784668
2020-07-22 22:30:00+09:00,33.290000915527344,33.779998779296875,32.9900016784668,33.279998779296875,1909200.0,33.279998779296875
2020-07-23 22:30:00+09:00,33.400001525878906,34.290000915527344,33.279998779296875,34.02000045776367,1574600.0,34.02000045776367
2020-07-24 22:30:00+09:00,34.25,34.4900016784668,33.619998931884766,33.630001068115234,1520100.0,33.630001068115234
2020-07-27 22:30:00+09:00,33.38999938964844,33.5,32.369998931884766,32.40999984741211,1470800.0,32.40999984741211
2020-07-28 22:30:00+09:00,32.31999969482422,32.75,32.189998626708984,32.2599983215332,1196500.0,32.2599983215332
2020-07-29 22:30:00+09:00,32.130001068115234,33.41999816894531,31.860000610351562,33.369998931884766,1866100.0,33.369998931884766
2020-07-30 22:30:00+09:00,32.709999084472656,32.810001373291016,31.670000076293945,32.779998779296875,1336000.0,32.779998779296875
2020-07-31 22:30:00+09:00,32.599998474121094,32.689998626708984,31.940000534057617,32.470001220703125,1442500.0,32.470001220703125
2020-08-03 22:30:00+09:00,32.599998474121094,32.7400016784668,32.040000915527344,32.45000076293945,1555400.0,32.45000076293945
2020-08-04 22:30:00+09:00,32.27000045776367,32.47999954223633,31.920000076293945,32.22999954223633,1095400.0,32.22999954223633
2020-08-05 22:30:00+09:00,32.61000061035156,33.130001068115234,32.400001525878906,33.06999969482422,1402400.0,33.06999969482422
2020-08-06 22:30:00+09:00,32.75,33.04999923706055,32.34000015258789,32.56999969482422,1130200.0,32.56999969482422
2020-08-07 22:30:00+09:00,32.31999969482422,33.790000915527344,32.02000045776367,33.790000915527344,1032800.0,33.790000915527344
2020-08-10 22:30:00+09:00,33.970001220703125,35.08000183105469,33.90999984741211,34.70000076293945,1694000.0,34.70000076293945
2020-08-11 22:30:00+09:00,35.52000045776367,36.5099983215332,35.189998626708984,35.38999938964844,1696700.0,35.38999938964844
2020-08-12 22:30:00+09:00,35.61000061035156,35.7599983215332,33.91999816894531,34.689998626708984,1489900.0,34.689998626708984
2020-08-13 22:30:00+09:00,34.22999954223633,35.0,33.9900016784668,34.2599983215332,867500.0,34.2599983215332
2020-08-14 22:30:00+09:00,33.81999969482422,34.939998626708984,33.779998779296875,34.4900016784668,836700.0,34.4900016784668
2020-08-17 22:30:00+09:00,34.209999084472656,34.380001068115234,33.65999984741211,33.880001068115234,1283700.0,33.880001068115234
2020-08-18 22:30:00+09:00,33.880001068115234,34.2400016784668,32.68000030517578,32.7400016784668,1209700.0,32.7400016784668
2020-08-19 22:30:00+09:00,32.939998626708984,33.470001220703125,32.61000061035156,32.90999984741211,1691800.0,32.90999984741211
2020-08-20 22:30:00+09:00,32.45000076293945,32.599998474121094,31.8799991607666,32.130001068115234,1379700.0,32.130001068115234
2020-08-21 22:30:00+09:00,32.08000183105469,32.33000183105469,31.329999923706055,31.59000015258789,2072400.0,31.59000015258789
2020-08-24 22:30:00+09:00,31.709999084472656,33.060001373291016,31.540000915527344,33.040000915527344,1651300.0,33.040000915527344
2020-08-25 22:30:00+09:00,33.439998626708984,33.81999969482422,32.540000915527344,33.060001373291016,1395600.0,33.060001373291016
2020-08-26 22:30:00+09:00,33.16999816894531,33.16999816894531,32.27000045776367,32.279998779296875,1082000.0,32.279998779296875
2020-08-27 22:30:00+09:00,32.33000183105469,33.58000183105469,32.310001373291016,33.290000915527344,1866300.0,33.290000915527344
2020-08-28 22:30:00+09:00,33.34000015258789,33.5,32.7599983215332,33.02000045776367,1423700.0,33.02000045776367
2020-08-31 22:30:00+09:00,33.060001373291016,33.060001373291016,32.119998931884766,32.15999984741211,1905700.0,32.15999984741211
2020-09-01 22:30:00+09:00,31.860000610351562,32.779998779296875,31.600000381469727,32.189998626708984,1583700.0,32.189998626708984
2020-09-02 22:30:00+09:00,32.130001068115234,32.599998474121094,31.709999084472656,32.38999938964844,1567700.0,32.38999938964844
2020-09-03 22:30:00+09:00,32.689998626708984,33.939998626708984,32.310001373291016,32.4900016784668,2044900.0,32.4900016784668
2020-09-04 22:30:00+09:00,33.54999923706055,33.970001220703125,32.810001373291016,33.68000030517578,1913700.0,33.68000030517578
2020-09-08 22:30:00+09:00,33.150001525878906,33.439998626708984,31.809999465942383,32.220001220703125,2326700.0,32.220001220703125
2020-09-09 22:30:00+09:00,32.65999984741211,32.65999984741211,31.809999465942383,32.119998931884766,1364600.0,32.119998931884766
2020-09-10 22:30:00+09:00,32.400001525878906,32.66999816894531,31.059999465942383,31.1200008392334,1693500.0,31.1200008392334
2020-09-11 22:30:00+09:00,31.079999923706055,31.549999237060547,30.850000381469727,31.489999771118164,1256100.0,31.489999771118164
2020-09-14 22:30:00+09:00,31.56999969482422,32.66999816894531,31.56999969482422,32.27000045776367,1013700.0,32.27000045776367
2020-09-15 22:30:00+09:00,32.2400016784668,32.2400016784668,31.100000381469727,31.15999984741211,1564900.0,31.15999984741211
2020-09-16 22:30:00+09:00,31.1299991607666,32.369998931884766,30.799999237060547,31.809999465942383,1801600.0,31.809999465942383
2020-09-17 22:30:00+09:00,31.3700008392334,31.850000381469727,31.239999771118164,31.520000457763672,1138300.0,31.520000457763672
2020-09-18 22:30:00+09:00,31.280000686645508,31.75,31.030000686645508,31.420000076293945,2507800.0,31.420000076293945
2020-09-21 22:30:00+09:00,30.690000534057617,30.950000762939453,29.489999771118164,29.809999465942383,1536100.0,29.809999465942383
2020-09-22 22:30:00+09:00,29.65999984741211,30.110000610351562,28.510000228881836,28.6200008392334,1860300.0,28.6200008392334
2020-09-23 22:30:00+09:00,28.780000686645508,29.389999389648438,28.190000534057617,28.25,1524500.0,28.25
2020-09-24 22:30:00+09:00,28.270000457763672,28.8799991607666,27.68000030517578,28.219999313354492,1255400.0,28.219999313354492
2020-09-25 22:30:00+09:00,27.81999969482422,28.540000915527344,27.549999237060547,28.450000762939453,1546600.0,28.450000762939453
2020-09-28 22:30:00+09:00,28.989999771118164,29.639999389648438,28.829999923706055,29.3799991607666,1478700.0,29.3799991607666
2020-09-29 22:30:00+09:00,29.219999313354492,29.559999465942383,28.540000915527344,28.969999313354492,1437200.0,28.969999313354492
2020-09-30 22:30:00+09:00,29.079999923706055,29.56999969482422,28.8700008392334,29.219999313354492,1911600.0,29.219999313354492
2020-10-01 22:30:00+09:00,29.219999313354492,29.56999969482422,28.790000915527344,29.1200008392334,1515200.0,29.1200008392334
2020-10-02 22:30:00+09:00,28.760000228881836,29.959999084472656,28.56999969482422,29.850000381469727,3176100.0,29.850000381469727
2020-10-05 22:30:00+09:00,30.389999389648438,31.489999771118164,30.389999389648438,31.280000686645508,1567900.0,31.280000686645508
2020-10-06 22:30:00+09:00,31.65999984741211,32.34000015258789,30.809999465942383,30.899999618530273,1621700.0,30.899999618530273
2020-10-07 22:30:00+09:00,31.270000457763672,32.27000045776367,31.270000457763672,32.150001525878906,1319000.0,32.150001525878906
2020-10-08 22:30:00+09:00,32.22999954223633,32.33000183105469,31.6299991607666,32.13999938964844,992400.0,32.13999938964844
2020-10-09 22:30:00+09:00,32.31999969482422,32.5,31.469999313354492,31.579999923706055,910200.0,31.579999923706055
2020-10-12 22:30:00+09:00,31.540000915527344,31.899999618530273,31.420000076293945,31.829999923706055,980500.0,31.829999923706055
2020-10-13 22:30:00+09:00,31.600000381469727,31.670000076293945,30.510000228881836,30.530000686645508,1123200.0,30.530000686645508
2020-10-14 22:30:00+09:00,30.65999984741211,31.0,30.209999084472656,30.229999542236328,1348800.0,30.229999542236328
2020-10-15 22:30:00+09:00,29.829999923706055,31.18000030517578,29.829999923706055,31.170000076293945,1852700.0,31.170000076293945
2020-10-16 22:30:00+09:00,31.100000381469727,31.329999923706055,30.459999084472656,31.139999389648438,1831200.0,31.139999389648438
2020-10-19 22:30:00+09:00,31.360000610351562,31.520000457763672,30.219999313354492,30.219999313354492,1515600.0,30.219999313354492
2020-10-20 22:30:00+09:00,31.579999923706055,31.579999923706055,30.010000228881836,30.520000457763672,2618700.0,30.520000457763672
2020-10-21 22:30:00+09:00,30.329999923706055,31.110000610351562,30.040000915527344,30.059999465942383,1875900.0,30.059999465942383
2020-10-22 22:30:00+09:00,30.25,32.349998474121094,30.059999465942383,32.25,2436700.0,32.25
2020-10-23 22:30:00+09:00,32.61000061035156,33.31999969482422,32.029998779296875,33.20000076293945,3093000.0,33.20000076293945
2020-10-26 22:30:00+09:00,32.88999938964844,32.88999938964844,32.0,32.459999084472656,2216400.0,32.459999084472656
2020-10-27 22:30:00+09:00,32.119998931884766,32.630001068115234,31.079999923706055,31.079999923706055,1786100.0,31.079999923706055
2020-10-28 22:30:00+09:00,30.290000915527344,31.139999389648438,30.270000457763672,30.600000381469727,1982000.0,30.600000381469727
2020-10-29 22:30:00+09:00,30.34000015258789,31.719999313354492,29.829999923706055,31.559999465942383,1885900.0,31.559999465942383
2020-10-30 22:30:00+09:00,31.329999923706055,32.310001373291016,31.239999771118164,32.27000045776367,1732100.0,32.27000045776367
2020-11-02 23:30:00+09:00,32.720001220703125,33.349998474121094,31.90999984741211,33.220001220703125,1210900.0,33.220001220703125
2020-11-03 23:30:00+09:00,33.619998931884766,34.70000076293945,33.529998779296875,34.459999084472656,1876800.0,34.459999084472656
2020-11-04 23:30:00+09:00,32.34000015258789,32.84000015258789,30.610000610351562,30.940000534057617,4176300.0,30.940000534057617
2020-11-05 23:30:00+09:00,31.149999618530273,32.810001373291016,31.100000381469727,32.58000183105469,2332900.0,32.58000183105469
2020-11-06 23:30:00+09:00,32.91999816894531,33.209999084472656,31.719999313354492,31.950000762939453,1756000.0,31.950000762939453
2020-11-09 23:30:00+09:00,35.0,40.900001525878906,34.959999084472656,39.58000183105469,5289500.0,39.58000183105469
2020-11-10 23:30:00+09:00,39.630001068115234,39.880001068115234,38.459999084472656,38.97999954223633,2506200.0,38.97999954223633
2020-11-11 23:30:00+09:00,38.779998779296875,39.0,36.4900016784668,37.2400016784668,2713900.0,37.2400016784668
2020-11-12 23:30:00+09:00,36.2400016784668,36.939998626708984,35.7400016784668,36.33000183105469,1748400.0,36.33000183105469
2020-11-13 23:30:00+09:00,36.75,37.790000915527344,36.349998474121094,37.47999954223633,1486400.0,37.47999954223633
2020-11-16 23:30:00+09:00,40.34000015258789,40.779998779296875,38.90999984741211,39.75,2138000.0,39.75
2020-11-17 23:30:00+09:00,38.7400016784668,39.709999084472656,38.439998626708984,39.599998474121094,1812900.0,39.599998474121094
2020-11-18 23:30:00+09:00,39.959999084472656,40.13999938964844,38.93000030517578,38.939998626708984,1552500.0,38.939998626708984
2020-11-19 23:30:00+09:00,38.349998474121094,38.70000076293945,37.720001220703125,38.38999938964844,1993500.0,38.38999938964844
2020-11-20 23:30:00+09:00,38.0099983215332,38.540000915527344,37.66999816894531,38.279998779296875,2011400.0,38.279998779296875
2020-11-23 23:30:00+09:00,38.95000076293945,39.63999938964844,38.720001220703125,39.560001373291016,1872500.0,39.560001373291016
2020-11-24 23:30:00+09:00,40.439998626708984,42.2400016784668,40.060001373291016,41.86000061035156,2578600.0,41.86000061035156
2020-11-25 23:30:00+09:00,40.880001068115234,41.04999923706055,40.310001373291016,40.95000076293945,2633900.0,40.95000076293945
2020-11-27 23:30:00+09:00,40.439998626708984,41.02000045776367,39.29999923706055,39.459999084472656,2027900.0,39.459999084472656
2020-11-30 23:30:00+09:00,39.36000061035156,39.79999923706055,38.439998626708984,38.59000015258789,12464100.0,38.59000015258789
2020-12-01 23:30:00+09:00,39.529998779296875,40.15999984741211,39.040000915527344,40.06999969482422,2455800.0,40.06999969482422
2020-12-02 23:30:00+09:00,40.0,41.650001525878906,39.959999084472656,41.599998474121094,3058500.0,41.599998474121094
2020-12-03 23:30:00+09:00,41.77000045776367,42.75,41.5099983215332,42.41999816894531,2379800.0,42.41999816894531
2020-12-04 23:30:00+09:00,44.150001525878906,44.29999923706055,43.0,44.02000045776367,2967900.0,44.02000045776367
2020-12-07 23:30:00+09:00,43.939998626708984,43.939998626708984,42.83000183105469,42.90999984741211,1731200.0,42.90999984741211
2020-12-08 23:30:00+09:00,41.900001525878906,43.189998626708984,41.810001373291016,42.959999084472656,1507600.0,42.959999084472656
2020-12-09 23:30:00+09:00,43.439998626708984,43.849998474121094,42.630001068115234,42.720001220703125,1662200.0,42.720001220703125
2020-12-10 23:30:00+09:00,42.16999816894531,42.880001068115234,41.900001525878906,42.63999938964844,1051400.0,42.63999938964844
2020-12-11 23:30:00+09:00,41.380001068115234,42.11000061035156,41.27000045776367,41.68000030517578,1673200.0,41.68000030517578
2020-12-14 23:30:00+09:00,42.5099983215332,42.58000183105469,40.689998626708984,40.709999084472656,1531300.0,40.709999084472656
2020-12-15 23:30:00+09:00,41.2400016784668,41.619998931884766,40.540000915527344,41.61000061035156,1477600.0,41.61000061035156
2020-12-16 23:30:00+09:00,41.619998931884766,42.040000915527344,41.150001525878906,41.869998931884766,1681600.0,41.869998931884766
2020-12-17 23:30:00+09:00,41.91999816894531,42.220001220703125,41.11000061035156,41.869998931884766,1435000.0,41.869998931884766
2020-12-18 23:30:00+09:00,41.619998931884766,41.86000061035156,40.7599983215332,41.08000183105469,3031000.0,41.08000183105469
2020-12-21 23:30:00+09:00,41.2599983215332,42.560001373291016,40.880001068115234,42.43000030517578,2265100.0,42.43000030517578
2020-12-22 23:30:00+09:00,42.5099983215332,42.86000061035156,42.029998779296875,42.040000915527344,1077800.0,42.040000915527344
2020-12-23 23:30:00+09:00,42.290000915527344,43.70000076293945,42.290000915527344,43.5099983215332,706800.0,43.5099983215332
2020-12-24 23:30:00+09:00,43.619998931884766,43.619998931884766,42.65999984741211,43.34000015258789,327700.0,43.34000015258789
2020-12-28 23:30:00+09:00,43.65999984741211,44.13999938964844,43.2599983215332,43.36000061035156,835600.0,43.36000061035156
2020-12-29 23:30:00+09:00,43.38999938964844,43.38999938964844,42.619998931884766,42.77000045776367,1084100.0,42.77000045776367
2020-12-30 23:30:00+09:00,42.77000045776367,43.470001220703125,42.77000045776367,43.220001220703125,728400.0,43.220001220703125
2020-12-31 23:30:00+09:00,43.20000076293945,43.619998931884766,42.7400016784668,43.439998626708984,736300.0,43.439998626708984
2021-01-04 23:30:00+09:00,43.08000183105469,43.61000061035156,42.119998931884766,42.93000030517578,1625200.0,42.93000030517578
2021-01-05 23:30:00+09:00,42.880001068115234,43.849998474121094,42.540000915527344,43.61000061035156,1349500.0,43.61000061035156
2021-01-06 23:30:00+09:00,45.810001373291016,49.040000915527344,45.34000015258789,48.5099983215332,3269500.0,48.5099983215332
2021-01-07 23:30:00+09:00,49.2400016784668,51.099998474121094,48.95000076293945,49.9900016784668,2333900.0,49.9900016784668
2021-01-08 23:30:00+09:00,49.91999816894531,49.91999816894531,47.63999938964844,48.720001220703125,2201000.0,48.720001220703125
2021-01-11 23:30:00+09:00,48.2599983215332,49.959999084472656,47.61000061035156,49.869998931884766,1082800.0,49.869998931884766
2021-01-12 23:30:00+09:00,50.0,51.15999984741211,49.0,50.36000061035156,1352100.0,50.36000061035156
2021-01-13 23:30:00+09:00,49.97999954223633,50.27000045776367,49.25,49.790000915527344,1011800.0,49.790000915527344
2021-01-14 23:30:00+09:00,50.5099983215332,51.220001220703125,50.09000015258789,50.91999816894531,1067600.0,50.91999816894531
2021-01-15 23:30:00+09:00,49.97999954223633,50.45000076293945,48.84000015258789,49.13999938964844,1450900.0,49.13999938964844
2021-01-19 23:30:00+09:00,49.209999084472656,49.540000915527344,48.599998474121094,49.33000183105469,1574800.0,49.33000183105469
2021-01-20 23:30:00+09:00,49.5,49.5,47.75,48.29999923706055,2056400.0,48.29999923706055
2021-01-21 23:30:00+09:00,48.599998474121094,49.0,47.29999923706055,47.38999938964844,1252800.0,47.38999938964844
2021-01-22 23:30:00+09:00,46.709999084472656,48.15999984741211,46.61000061035156,48.119998931884766,1514500.0,48.119998931884766
2021-01-25 23:30:00+09:00,47.470001220703125,47.790000915527344,46.25,47.209999084472656,1281900.0,47.209999084472656
2021-01-26 23:30:00+09:00,47.790000915527344,47.81999969482422,46.029998779296875,46.04999923706055,1413200.0,46.04999923706055
2021-01-27 23:30:00+09:00,44.66999816894531,45.099998474121094,43.720001220703125,43.810001373291016,2091800.0,43.810001373291016
2021-01-28 23:30:00+09:00,44.72999954223633,45.5,44.27000045776367,45.16999816894531,1608300.0,45.16999816894531
2021-01-29 23:30:00+09:00,45.290000915527344,45.540000915527344,43.63999938964844,44.13999938964844,1497000.0,44.13999938964844
2021-02-01 23:30:00+09:00,44.43000030517578,44.83000183105469,44.02000045776367,44.70000076293945,1300300.0,44.70000076293945
2021-02-02 23:30:00+09:00,45.279998779296875,46.470001220703125,45.0,45.79999923706055,1391600.0,45.79999923706055
2021-02-03 23:30:00+09:00,45.59000015258789,46.4900016784668,45.380001068115234,46.029998779296875,1840400.0,46.029998779296875
2021-02-04 23:30:00+09:00,46.400001525878906,48.47999954223633,46.16999816894531,48.220001220703125,1468900.0,48.220001220703125
2021-02-05 23:30:00+09:00,48.630001068115234,48.849998474121094,47.61000061035156,47.72999954223633,1327900.0,47.72999954223633
2021-02-08 23:30:00+09:00,48.150001525878906,48.709999084472656,47.81999969482422,48.650001525878906,1105200.0,48.650001525878906
2021-02-09 23:30:00+09:00,49.11000061035156,49.70000076293945,48.369998931884766,49.59000015258789,1567000.0,49.59000015258789
2021-02-10 23:30:00+09:00,49.849998474121094,50.650001525878906,48.84000015258789,49.58000183105469,1616400.0,49.58000183105469
2021-02-11 23:30:00+09:00,49.09000015258789,49.650001525878906,48.18000030517578,48.90999984741211,1052700.0,48.90999984741211
2021-02-12 23:30:00+09:00,48.689998626708984,49.869998931884766,48.689998626708984,49.58000183105469,1114500.0,49.58000183105469
2021-02-16 23:30:00+09:00,50.11000061035156,51.810001373291016,49.959999084472656,51.29999923706055,1472800.0,51.29999923706055
2021-02-17 23:30:00+09:00,50.880001068115234,51.5099983215332,50.400001525878906,50.63999938964844,836200.0,50.63999938964844
2021-02-18 23:30:00+09:00,50.0099983215332,50.68000030517578,49.529998779296875,50.029998779296875,1083700.0,50.029998779296875
2021-02-19 23:30:00+09:00,50.599998474121094,51.93000030517578,50.599998474121094,51.70000076293945,1166400.0,51.70000076293945
2021-02-22 23:30:00+09:00,51.689998626708984,54.290000915527344,51.68000030517578,53.36000061035156,1854300.0,53.36000061035156
2021-02-23 23:30:00+09:00,53.93000030517578,54.369998931884766,53.09000015258789,54.16999816894531,1159100.0,54.16999816894531
2021-02-24 23:30:00+09:00,54.060001373291016,57.33000183105469,54.060001373291016,56.779998779296875,1662000.0,56.779998779296875
2021-02-25 23:30:00+09:00,57.15999984741211,57.70000076293945,54.349998474121094,54.56999969482422,1648500.0,54.56999969482422
2021-02-26 23:30:00+09:00,54.099998474121094,54.45000076293945,52.15999984741211,53.16999816894531,1710500.0,53.16999816894531
2021-03-01 23:30:00+09:00,53.83000183105469,55.25,53.790000915527344,54.790000915527344,1283500.0,54.790000915527344
2021-03-02 23:30:00+09:00,54.38999938964844,55.02000045776367,54.04999923706055,54.2400016784668,1027900.0,54.2400016784668
2021-03-03 23:30:00+09:00,54.2599983215332,56.29999923706055,54.099998474121094,54.2400016784668,1552700.0,54.2400016784668
2021-03-04 23:30:00+09:00,54.70000076293945,55.709999084472656,52.47999954223633,53.959999084472656,1568700.0,53.959999084472656
2021-03-05 23:30:00+09:00,55.36000061035156,56.880001068115234,53.43000030517578,55.790000915527344,2239500.0,55.790000915527344
2021-03-08 23:30:00+09:00,56.619998931884766,58.349998474121094,56.08000183105469,57.619998931884766,1431000.0,57.619998931884766
2021-03-09 23:30:00+09:00,56.439998626708984,57.4900016784668,54.72999954223633,56.45000076293945,1653300.0,56.45000076293945
2021-03-10 23:30:00+09:00,56.45000076293945,57.810001373291016,56.029998779296875,57.63999938964844,1333900.0,57.63999938964844
2021-03-11 23:30:00+09:00,56.27000045776367,58.060001373291016,55.97999954223633,57.4900016784668,1086600.0,57.4900016784668
2021-03-12 23:30:00+09:00,58.59000015258789,59.369998931884766,58.16999816894531,59.060001373291016,1386400.0,59.060001373291016
2021-03-15 22:30:00+09:00,58.91999816894531,58.91999816894531,56.84000015258789,57.720001220703125,1261700.0,57.720001220703125
2021-03-16 22:30:00+09:00,57.16999816894531,57.16999816894531,55.5099983215332,56.400001525878906,1075800.0,56.400001525878906
2021-03-17 22:30:00+09:00,57.369998931884766,58.36000061035156,56.16999816894531,56.75,1281800.0,56.75
2021-03-18 22:30:00+09:00,58.0099983215332,60.220001220703125,56.93000030517578,57.29999923706055,1816500.0,57.29999923706055
2021-03-19 22:30:00+09:00,56.5,57.650001525878906,55.650001525878906,56.45000076293945,4998100.0,56.45000076293945
2021-03-22 22:30:00+09:00,56.349998474121094,56.70000076293945,54.310001373291016,55.279998779296875,1539400.0,55.279998779296875
2021-03-23 22:30:00+09:00,54.790000915527344,55.220001220703125,53.18000030517578,53.58000183105469,1647400.0,53.58000183105469
2021-03-24 22:30:00+09:00,54.0099983215332,55.04999923706055,52.95000076293945,53.0099983215332,1539000.0,53.0099983215332
2021-03-25 22:30:00+09:00,52.900001525878906,54.9900016784668,52.18000030517578,54.7400016784668,1194300.0,54.7400016784668
2021-03-26 22:30:00+09:00,55.54999923706055,55.959999084472656,54.66999816894531,55.849998474121094,1257900.0,55.849998474121094
2021-03-29 22:30:00+09:00,54.939998626708984,55.400001525878906,53.25,53.88999938964844,1059700.0,53.88999938964844
2021-03-30 22:30:00+09:00,54.439998626708984,56.130001068115234,54.400001525878906,55.90999984741211,1225500.0,55.90999984741211
2021-03-31 22:30:00+09:00,55.2400016784668,55.970001220703125,54.939998626708984,54.959999084472656,1210800.0,54.959999084472656
2021-04-01 22:30:00+09:00,54.54999923706055,55.43000030517578,54.15999984741211,55.40999984741211,1157100.0,55.40999984741211
2021-04-05 22:30:00+09:00,56.0,56.36000061035156,54.900001525878906,55.33000183105469,1069500.0,55.33000183105469
2021-04-06 22:30:00+09:00,56.709999084472656,56.709999084472656,54.7400016784668,55.43000030517578,907300.0,55.43000030517578
2021-04-07 22:30:00+09:00,55.720001220703125,56.0099983215332,55.20000076293945,55.54999923706055,659000.0,55.54999923706055
2021-04-08 22:30:00+09:00,55.0,55.220001220703125,53.9900016784668,55.0,1319500.0,55.0
2021-04-09 22:30:00+09:00,55.810001373291016,56.29999923706055,55.36000061035156,55.939998626708984,981800.0,55.939998626708984
2021-04-12 22:30:00+09:00,55.900001525878906,56.720001220703125,55.900001525878906,56.58000183105469,914100.0,56.58000183105469
2021-04-13 22:30:00+09:00,55.959999084472656,56.34000015258789,54.88999938964844,55.529998779296875,1203100.0,55.529998779296875
2021-04-14 22:30:00+09:00,55.380001068115234,56.970001220703125,55.369998931884766,56.2400016784668,1033900.0,56.2400016784668
2021-04-15 22:30:00+09:00,56.45000076293945,56.45000076293945,54.7599983215332,55.810001373291016,1553700.0,55.810001373291016
2021-04-16 22:30:00+09:00,56.380001068115234,57.099998474121094,55.849998474121094,56.119998931884766,1122400.0,56.119998931884766
2021-04-19 22:30:00+09:00,56.22999954223633,57.029998779296875,55.560001373291016,56.0,1340900.0,56.0
2021-04-20 22:30:00+09:00,55.130001068115234,55.16999816894531,51.709999084472656,52.349998474121094,3262600.0,52.349998474121094
2021-04-21 22:30:00+09:00,52.08000183105469,53.720001220703125,51.630001068115234,53.650001525878906,1669000.0,53.650001525878906
2021-04-22 22:30:00+09:00,53.689998626708984,53.869998931884766,52.5,52.560001373291016,1461500.0,52.560001373291016
2021-04-23 22:30:00+09:00,52.40999984741211,54.72999954223633,52.2400016784668,54.27000045776367,2023000.0,54.27000045776367
2021-04-26 22:30:00+09:00,54.599998474121094,55.16999816894531,54.279998779296875,54.61000061035156,1228700.0,54.61000061035156
2021-04-27 22:30:00+09:00,54.70000076293945,55.20000076293945,54.47999954223633,55.150001525878906,1391800.0,55.150001525878906
2021-04-28 22:30:00+09:00,55.15999984741211,55.75,54.81999969482422,55.25,1113700.0,55.25
2021-04-29 22:30:00+09:00,56.150001525878906,56.720001220703125,55.779998779296875,56.36000061035156,1232100.0,56.36000061035156
2021-04-30 22:30:00+09:00,55.95000076293945,56.77000045776367,55.68000030517578,55.79999923706055,1338300.0,55.79999923706055
2021-05-03 22:30:00+09:00,56.45000076293945,56.619998931884766,55.18000030517578,55.84000015258789,1159700.0,55.84000015258789
2021-05-04 22:30:00+09:00,55.77000045776367,57.369998931884766,55.0,57.369998931884766,1592700.0,57.369998931884766
2021-05-05 22:30:00+09:00,57.380001068115234,58.75,56.709999084472656,58.220001220703125,1280500.0,58.220001220703125
2021-05-06 22:30:00+09:00,58.65999984741211,59.209999084472656,57.630001068115234,59.18000030517578,1266800.0,59.18000030517578
2021-05-07 22:30:00+09:00,57.58000183105469,59.380001068115234,57.31999969482422,59.27000045776367,1322800.0,59.27000045776367
2021-05-10 22:30:00+09:00,59.869998931884766,60.439998626708984,58.900001525878906,58.91999816894531,1255500.0,58.91999816894531
2021-05-11 22:30:00+09:00,58.56999969482422,60.189998626708984,58.29999923706055,58.540000915527344,1559000.0,58.540000915527344
2021-05-12 22:30:00+09:00,58.869998931884766,59.310001373291016,56.95000076293945,57.150001525878906,1338000.0,57.150001525878906
2021-05-13 22:30:00+09:00,56.209999084472656,59.380001068115234,56.099998474121094,59.08000183105469,1073700.0,59.08000183105469
2021-05-14 22:30:00+09:00,59.31999969482422,60.36000061035156,58.720001220703125,60.20000076293945,1015100.0,60.20000076293945
2021-05-17 22:30:00+09:00,58.08000183105469,60.40999984741211,58.040000915527344,60.27000045776367,1214900.0,60.27000045776367
2021-05-18 22:30:00+09:00,60.08000183105469,60.650001525878906,58.20000076293945,58.25,1647800.0,58.25
2021-05-19 22:30:00+09:00,57.970001220703125,57.970001220703125,56.18000030517578,57.41999816894531,1726800.0,57.41999816894531
2021-05-20 22:30:00+09:00,57.029998779296875,57.459999084472656,56.09000015258789,57.040000915527344,1297600.0,57.040000915527344
2021-05-21 22:30:00+09:00,57.099998474121094,58.66999816894531,57.099998474121094,58.099998474121094,1776400.0,58.099998474121094
2021-05-24 22:30:00+09:00,58.0099983215332,58.06999969482422,57.279998779296875,57.529998779296875,911200.0,57.529998779296875
2021-05-25 22:30:00+09:00,57.849998474121094,58.380001068115234,55.880001068115234,56.02000045776367,1375100.0,56.02000045776367
2021-05-26 22:30:00+09:00,55.95000076293945,56.84000015258789,55.65999984741211,56.720001220703125,1050400.0,56.720001220703125
2021-05-27 22:30:00+09:00,57.54999923706055,57.9900016784668,57.22999954223633,57.869998931884766,1009000.0,57.869998931884766
2021-05-28 22:30:00+09:00,57.75,57.959999084472656,57.099998474121094,57.880001068115234,903500.0,57.880001068115234
2021-06-01 22:30:00+09:00,58.290000915527344,58.72999954223633,57.790000915527344,58.130001068115234,750000.0,58.130001068115234
2021-06-02 22:30:00+09:00,58.650001525878906,58.650001525878906,57.5,58.18000030517578,751800.0,58.18000030517578
2021-06-03 22:30:00+09:00,58.31999969482422,59.2599983215332,58.0099983215332,58.290000915527344,1216300.0,58.290000915527344
2021-06-04 22:30:00+09:00,58.29999923706055,58.29999923706055,57.02000045776367,58.130001068115234,641500.0,58.130001068115234
2021-06-07 22:30:00+09:00,58.43000030517578,58.459999084472656,57.72999954223633,57.810001373291016,918600.0,57.810001373291016
2021-06-08 22:30:00+09:00,57.31999969482422,58.0,56.22999954223633,57.79999923706055,986700.0,57.79999923706055
2021-06-09 22:30:00+09:00,57.09000015258789,57.41999816894531,56.189998626708984,56.619998931884766,924800.0,56.619998931884766
2021-06-10 22:30:00+09:00,57.720001220703125,57.7400016784668,55.029998779296875,55.08000183105469,944600.0,55.08000183105469
2021-06-11 22:30:00+09:00,55.540000915527344,55.790000915527344,54.959999084472656,55.27000045776367,963700.0,55.27000045776367
2021-06-14 22:30:00+09:00,55.16999816894531,55.560001373291016,53.709999084472656,54.02000045776367,909000.0,54.02000045776367
2021-06-15 22:30:00+09:00,54.130001068115234,54.84000015258789,53.65999984741211,54.52000045776367,1032600.0,54.52000045776367
2021-06-16 22:30:00+09:00,54.15999984741211,55.810001373291016,53.40999984741211,55.130001068115234,1620800.0,55.130001068115234
2021-06-17 22:30:00+09:00,55.70000076293945,55.790000915527344,51.52000045776367,51.619998931884766,1730800.0,51.619998931884766
2021-06-18 22:30:00+09:00,50.66999816894531,51.189998626708984,49.790000915527344,50.29999923706055,3206800.0,50.29999923706055
2021-06-21 22:30:00+09:00,50.5,52.77000045776367,50.5,52.68000030517578,2082200.0,52.68000030517578
2021-06-22 22:30:00+09:00,52.7400016784668,53.130001068115234,51.66999816894531,52.81999969482422,1254500.0,52.81999969482422
2021-06-23 22:30:00+09:00,53.11000061035156,53.4900016784668,52.779998779296875,53.13999938964844,1133900.0,53.13999938964844
2021-06-24 22:30:00+09:00,53.47999954223633,54.43000030517578,52.83000183105469,54.209999084472656,1346500.0,54.209999084472656
2021-06-25 22:30:00+09:00,54.2400016784668,55.84000015258789,53.97999954223633,55.47999954223633,2221400.0,55.47999954223633
2021-06-28 22:30:00+09:00,55.470001220703125,55.470001220703125,53.150001525878906,53.45000076293945,1049800.0,53.45000076293945
2021-06-29 22:30:00+09:00,53.939998626708984,54.41999816894531,52.45000076293945,52.70000076293945,714900.0,52.70000076293945
2021-06-30 22:30:00+09:00,52.27000045776367,53.09000015258789,52.25,52.86000061035156,998100.0,52.86000061035156
2021-07-01 22:30:00+09:00,53.689998626708984,54.02000045776367,52.91999816894531,53.81999969482422,1021100.0,53.81999969482422
2021-07-02 22:30:00+09:00,53.5,53.709999084472656,53.15999984741211,53.2599983215332,799300.0,53.2599983215332
2021-07-06 22:30:00+09:00,53.02000045776367,53.02000045776367,51.099998474121094,51.720001220703125,902400.0,51.720001220703125
2021-07-07 22:30:00+09:00,50.9900016784668,51.970001220703125,50.77000045776367,51.310001373291016,1139800.0,51.310001373291016
2021-07-08 22:30:00+09:00,50.11000061035156,50.70000076293945,49.38999938964844,49.84000015258789,1690100.0,49.84000015258789
2021-07-09 22:30:00+09:00,51.16999816894531,52.349998474121094,50.970001220703125,52.290000915527344,1504200.0,52.290000915527344
2021-07-12 22:30:00+09:00,51.529998779296875,52.70000076293945,50.7400016784668,52.59000015258789,1183100.0,52.59000015258789
2021-07-13 22:30:00+09:00,52.54999923706055,52.630001068115234,51.22999954223633,51.40999984741211,1062200.0,51.40999984741211
2021-07-14 22:30:00+09:00,51.47999954223633,52.400001525878906,50.439998626708984,51.36000061035156,1119300.0,51.36000061035156
2021-07-15 22:30:00+09:00,50.720001220703125,52.209999084472656,50.279998779296875,51.66999816894531,1138700.0,51.66999816894531
2021-07-16 22:30:00+09:00,51.9900016784668,51.9900016784668,49.400001525878906,49.599998474121094,1533200.0,49.599998474121094
2021-07-19 22:30:00+09:00,48.27000045776367,48.63999938964844,47.060001373291016,47.70000076293945,2170000.0,47.70000076293945
2021-07-20 22:30:00+09:00,48.459999084472656,51.61000061035156,48.060001373291016,50.20000076293945,3870400.0,50.20000076293945
2021-07-21 22:30:00+09:00,50.77000045776367,52.75,50.40999984741211,51.63999938964844,2099100.0,51.63999938964844
2021-07-22 22:30:00+09:00,51.470001220703125,51.470001220703125,50.029998779296875,50.31999969482422,1283400.0,50.31999969482422
2021-07-23 22:30:00+09:00,51.09000015258789,51.63999938964844,50.459999084472656,50.86000061035156,1082300.0,50.86000061035156
2021-07-26 22:30:00+09:00,50.939998626708984,51.970001220703125,50.939998626708984,51.47999954223633,1252700.0,51.47999954223633
2021-07-27 22:30:00+09:00,50.95000076293945,51.709999084472656,50.45000076293945,51.68000030517578,1424300.0,51.68000030517578
2021-07-28 22:30:00+09:00,51.97999954223633,52.81999969482422,51.310001373291016,52.36000061035156,1518000.0,52.36000061035156
2021-07-29 22:30:00+09:00,52.95000076293945,53.619998931884766,52.20000076293945,52.84000015258789,1429400.0,52.84000015258789
2021-07-30 22:30:00+09:00,52.75,53.5,52.0099983215332,52.150001525878906,1283700.0,52.150001525878906
2021-08-02 22:30:00+09:00,52.349998474121094,53.939998626708984,51.58000183105469,51.630001068115234,1104300.0,51.630001068115234
2021-08-03 22:30:00+09:00,52.099998474121094,53.040000915527344,50.79999923706055,52.7400016784668,938600.0,52.7400016784668
2021-08-04 22:30:00+09:00,51.939998626708984,53.20000076293945,51.58000183105469,52.22999954223633,1059500.0,52.22999954223633
2021-08-05 22:30:00+09:00,52.650001525878906,53.400001525878906,52.630001068115234,53.119998931884766,1074900.0,53.119998931884766
2021-08-06 22:30:00+09:00,54.029998779296875,55.7599983215332,54.029998779296875,54.9900016784668,1641200.0,54.9900016784668
2021-08-09 22:30:00+09:00,54.619998931884766,55.400001525878906,54.15999984741211,54.54999923706055,1327500.0,54.54999923706055
2021-08-10 22:30:00+09:00,54.029998779296875,55.54999923706055,53.70000076293945,55.31999969482422,1185100.0,55.31999969482422
2021-08-11 22:30:00+09:00,54.869998931884766,55.97999954223633,54.2400016784668,55.959999084472656,1240800.0,55.959999084472656
2021-08-12 22:30:00+09:00,56.18000030517578,56.459999084472656,55.47999954223633,55.939998626708984,664100.0,55.939998626708984
2021-08-13 22:30:00+09:00,56.310001373291016,56.349998474121094,55.25,55.40999984741211,631500.0,55.40999984741211
2021-08-16 22:30:00+09:00,54.880001068115234,55.33000183105469,54.31999969482422,55.040000915527344,791800.0,55.040000915527344
2021-08-17 22:30:00+09:00,54.47999954223633,54.970001220703125,53.33000183105469,54.36000061035156,883800.0,54.36000061035156
2021-08-18 22:30:00+09:00,54.040000915527344,54.81999969482422,53.58000183105469,53.63999938964844,908100.0,53.63999938964844
2021-08-19 22:30:00+09:00,52.9900016784668,53.54999923706055,52.5099983215332,53.16999816894531,1051000.0,53.16999816894531
2021-08-20 22:30:00+09:00,53.02000045776367,54.029998779296875,52.75,53.869998931884766,1342400.0,53.869998931884766
